[
  {
    "id": "8aa08038-5d88-4e80-a421-7fe1794e0e21",
    "data": [
      {
        "text": "It made me feel ",
        "userDefined": false
      },
      {
        "text": "feeling",
        "alias": "feeling",
        "meta": "@feeling",
        "userDefined": true
      }
    ],
    "isTemplate": false,
    "count": 0,
    "updated": 0
  },
  {
    "id": "0df8d1ba-0fc5-4367-937c-b3aef5c847a8",
    "data": [
      {
        "text": "Feeling",
        "alias": "feeling",
        "meta": "@feeling",
        "userDefined": true
      },
      {
        "text": ", I guess",
        "userDefined": false
      }
    ],
    "isTemplate": false,
    "count": 0,
    "updated": 0
  },
  {
    "id": "d546d0fe-fd21-4748-9cdd-4b49e141464b",
    "data": [
      {
        "text": "I think ",
        "userDefined": false
      },
      {
        "text": "feeling",
        "alias": "feeling",
        "meta": "@feeling",
        "userDefined": true
      }
    ],
    "isTemplate": false,
    "count": 1,
    "updated": 0
  },
  {
    "id": "6430de88-6ddf-40ec-900d-57c6d21d9c73",
    "data": [
      {
        "text": "I think it made me feel ",
        "userDefined": false
      },
      {
        "text": "feeling",
        "alias": "feeling",
        "meta": "@feeling",
        "userDefined": true
      }
    ],
    "isTemplate": false,
    "count": 0,
    "updated": 0
  },
  {
    "id": "2996ec4b-cc9f-4820-b87b-2f915af3e1b3",
    "data": [
      {
        "text": "I felt ",
        "userDefined": false
      },
      {
        "text": "feeling",
        "alias": "feeling",
        "meta": "@feeling",
        "userDefined": true
      }
    ],
    "isTemplate": false,
    "count": 0,
    "updated": 0
  },
  {
    "id": "f9fbdf96-a6bd-4ac2-ab59-da45843587f9",
    "data": [
      {
        "text": "feeling",
        "alias": "feeling",
        "meta": "@feeling",
        "userDefined": true
      }
    ],
    "isTemplate": false,
    "count": 0,
    "updated": 0
  },
  {
    "id": "7849a17c-536c-4fd6-9201-1610b2ffcab6",
    "data": [
      {
        "text": "I am feeling pretty ",
        "userDefined": false
      },
      {
        "text": "feeling",
        "alias": "feeling",
        "meta": "@feeling",
        "userDefined": true
      }
    ],
    "isTemplate": false,
    "count": 0,
    "updated": 0
  },
  {
    "id": "8b7a1e7a-4e67-4b04-899d-c0f3121eaf59",
    "data": [
      {
        "text": "I am feeling ",
        "userDefined": false
      },
      {
        "text": "feeling",
        "alias": "feeling",
        "meta": "@feeling",
        "userDefined": true
      }
    ],
    "isTemplate": false,
    "count": 0,
    "updated": 0
  },
  {
    "id": "56b73b31-1541-453f-a455-541e5f1b55d9",
    "data": [
      {
        "text": "I am ",
        "userDefined": false
      },
      {
        "text": "feeling",
        "alias": "feeling",
        "meta": "@feeling",
        "userDefined": true
      }
    ],
    "isTemplate": false,
    "count": 0,
    "updated": 0
  },
  {
    "id": "95044063-e595-4e97-912e-ea13c44958a0",
    "data": [
      {
        "text": "I\u0027m ",
        "userDefined": false
      },
      {
        "text": "feeling",
        "alias": "feeling",
        "meta": "@feeling",
        "userDefined": true
      }
    ],
    "isTemplate": false,
    "count": 0,
    "updated": 0
  },
  {
    "id": "365c9eb5-040a-4208-a9c9-a796203bad90",
    "data": [
      {
        "text": "I\u0027m feeling pretty ",
        "userDefined": false
      },
      {
        "text": "feeling",
        "alias": "feeling",
        "meta": "@feeling",
        "userDefined": true
      }
    ],
    "isTemplate": false,
    "count": 0,
    "updated": 0
  },
  {
    "id": "f0aabba6-460e-4be3-8e6f-bb447e99f0fe",
    "data": [
      {
        "text": "I\u0027m feeling ",
        "userDefined": false
      },
      {
        "text": "feeling",
        "alias": "feeling",
        "meta": "@feeling",
        "userDefined": true
      }
    ],
    "isTemplate": false,
    "count": 0,
    "updated": 0
  }
]