[
  {
    "id": "96556727-86e0-479a-afb5-bcbc425358ef",
    "data": [
      {
        "text": "it is ",
        "userDefined": false
      },
      {
        "text": "time",
        "alias": "time",
        "meta": "@sys.time",
        "userDefined": true
      }
    ],
    "isTemplate": false,
    "count": 0,
    "updated": 0
  },
  {
    "id": "9a926d7b-af61-4338-a3ad-c11d029f1625",
    "data": [
      {
        "text": "time",
        "alias": "time",
        "meta": "@sys.time",
        "userDefined": true
      }
    ],
    "isTemplate": false,
    "count": 0,
    "updated": 0
  },
  {
    "id": "b05a96a1-e457-43be-8823-7d428d1607d1",
    "data": [
      {
        "text": "sure, the time is ",
        "userDefined": false
      },
      {
        "text": "time",
        "alias": "time",
        "meta": "@sys.time",
        "userDefined": true
      }
    ],
    "isTemplate": false,
    "count": 0,
    "updated": 0
  },
  {
    "id": "8ac924a7-76dc-4e9f-8b46-9d903832a82e",
    "data": [
      {
        "text": "it is now ",
        "userDefined": false
      },
      {
        "text": "time",
        "alias": "time",
        "meta": "@sys.time",
        "userDefined": true
      }
    ],
    "isTemplate": false,
    "count": 0,
    "updated": 0
  }
]