[
  {
    "id": "cbd48e39-8bf0-43e6-8c66-44f8de227173",
    "data": [
      {
        "text": "I am ",
        "userDefined": false
      },
      {
        "text": "not",
        "alias": "Emotion",
        "meta": "@Emotion",
        "userDefined": true
      },
      {
        "text": " feeling ",
        "userDefined": false
      },
      {
        "text": "feeling",
        "alias": "Emotion",
        "meta": "@Emotion",
        "userDefined": true
      }
    ],
    "isTemplate": false,
    "count": 0,
    "updated": 0
  },
  {
    "id": "19a9fd67-31a4-4ab8-839f-214419e27579",
    "data": [
      {
        "text": "emotion",
        "alias": "Emotion",
        "meta": "@Emotion",
        "userDefined": true
      }
    ],
    "isTemplate": false,
    "count": 0,
    "updated": 0
  },
  {
    "id": "0945686f-57c0-42ae-9428-049455d5dac0",
    "data": [
      {
        "text": "emotion",
        "alias": "Emotion",
        "meta": "@Emotion",
        "userDefined": true
      },
      {
        "text": " is what I am feeling",
        "userDefined": false
      }
    ],
    "isTemplate": false,
    "count": 0,
    "updated": 0
  },
  {
    "id": "0d3365d5-71e6-4d6b-9d7a-8c79b4b78a24",
    "data": [
      {
        "text": "today I am feeling ",
        "userDefined": false
      },
      {
        "text": "emotion",
        "alias": "Emotion",
        "meta": "@Emotion",
        "userDefined": true
      }
    ],
    "isTemplate": false,
    "count": 0,
    "updated": 0
  },
  {
    "id": "cc4a4352-3ec5-4566-ad74-4c335a184656",
    "data": [
      {
        "text": "I am ",
        "userDefined": false
      },
      {
        "text": "emotion",
        "alias": "Emotion",
        "meta": "@Emotion",
        "userDefined": true
      }
    ],
    "isTemplate": false,
    "count": 0,
    "updated": 0
  },
  {
    "id": "514de1fd-8346-4947-93fb-65e4d79c8945",
    "data": [
      {
        "text": "I\u0027m feeling ",
        "userDefined": false
      },
      {
        "text": "emotion",
        "alias": "Emotion",
        "meta": "@Emotion",
        "userDefined": true
      }
    ],
    "isTemplate": false,
    "count": 0,
    "updated": 0
  },
  {
    "id": "351257a5-d187-4260-ae6b-ce86d35ea64b",
    "data": [
      {
        "text": "I\u0027m ",
        "userDefined": false
      },
      {
        "text": "emotion",
        "alias": "Emotion",
        "meta": "@Emotion",
        "userDefined": true
      }
    ],
    "isTemplate": false,
    "count": 0,
    "updated": 0
  }
]