[
  {
    "id": "7f7f5002-a65c-42a0-bd38-8cae8c006da8",
    "data": [
      {
        "text": "name",
        "alias": "name",
        "meta": "@sys.person",
        "userDefined": true
      },
      {
        "text": " is what i am called",
        "userDefined": false
      }
    ],
    "isTemplate": false,
    "count": 0,
    "updated": 0
  },
  {
    "id": "82d84071-12d5-4ffd-a6a3-bd908c5c9436",
    "data": [
      {
        "text": "name",
        "alias": "name",
        "meta": "@sys.person",
        "userDefined": true
      },
      {
        "text": " is the name my parents gave me",
        "userDefined": false
      }
    ],
    "isTemplate": false,
    "count": 0,
    "updated": 0
  },
  {
    "id": "0951ed11-7245-4a97-8d5b-daa6f805414e",
    "data": [
      {
        "text": "my friends call me ",
        "userDefined": false
      },
      {
        "text": "name",
        "alias": "name",
        "meta": "@sys.person",
        "userDefined": true
      }
    ],
    "isTemplate": false,
    "count": 0,
    "updated": 0
  },
  {
    "id": "dea21727-7ace-495e-b682-932a23b42baf",
    "data": [
      {
        "text": "I am called ",
        "userDefined": false
      },
      {
        "text": "name",
        "alias": "name",
        "meta": "@sys.person",
        "userDefined": true
      }
    ],
    "isTemplate": false,
    "count": 0,
    "updated": 0
  },
  {
    "id": "3ea7da23-9097-485d-bcba-b97eff45a24e",
    "data": [
      {
        "text": "it\u0027s ",
        "userDefined": false
      },
      {
        "text": "name",
        "alias": "name",
        "meta": "@sys.person",
        "userDefined": true
      }
    ],
    "isTemplate": false,
    "count": 0,
    "updated": 0
  },
  {
    "id": "cc2bfe81-603e-402c-ba5e-4e0bf36f8c7d",
    "data": [
      {
        "text": "name",
        "alias": "name",
        "meta": "@sys.person",
        "userDefined": true
      }
    ],
    "isTemplate": false,
    "count": 0,
    "updated": 0
  },
  {
    "id": "7cf07a81-b7da-490d-8f22-8c18d7186b2f",
    "data": [
      {
        "text": "my ",
        "userDefined": false
      },
      {
        "text": "name",
        "meta": "@sys.ignore",
        "userDefined": true
      },
      {
        "text": " is ",
        "userDefined": false
      },
      {
        "text": "name",
        "alias": "name",
        "meta": "@sys.person",
        "userDefined": true
      }
    ],
    "isTemplate": false,
    "count": 0,
    "updated": 0
  },
  {
    "id": "e9fcfdc9-8462-4c11-8112-0735972cc632",
    "data": [
      {
        "text": "name",
        "alias": "name",
        "meta": "@sys.person",
        "userDefined": true
      },
      {
        "text": " is my name",
        "userDefined": false
      }
    ],
    "isTemplate": false,
    "count": 0,
    "updated": 0
  }
]