[
  {
    "id": "2dcec3aa-1ab3-4de8-8586-e95684a526fd",
    "data": [
      {
        "text": "I think ",
        "userDefined": false
      },
      {
        "text": "answer",
        "alias": "binary_answer",
        "meta": "@binary_answer",
        "userDefined": true
      }
    ],
    "isTemplate": false,
    "count": 0,
    "updated": 0
  },
  {
    "id": "bac7d8d6-4575-41d9-b57a-86b6c7c35193",
    "data": [
      {
        "text": "answer",
        "alias": "binary_answer",
        "meta": "@binary_answer",
        "userDefined": true
      },
      {
        "text": ", thank you",
        "userDefined": false
      }
    ],
    "isTemplate": false,
    "count": 0,
    "updated": 0
  },
  {
    "id": "da40e5c2-0a17-4499-9793-46fde39b37e1",
    "data": [
      {
        "text": "answer",
        "alias": "binary_answer",
        "meta": "@binary_answer",
        "userDefined": true
      },
      {
        "text": ", please",
        "userDefined": false
      }
    ],
    "isTemplate": false,
    "count": 0,
    "updated": 0
  },
  {
    "id": "13a6e717-6cf3-4eee-badd-cd981de3e7c2",
    "data": [
      {
        "text": "answer,",
        "alias": "binary_answer",
        "meta": "@binary_answer",
        "userDefined": true
      },
      {
        "text": " I would indeed like to play a game",
        "userDefined": false
      }
    ],
    "isTemplate": false,
    "count": 0,
    "updated": 0
  },
  {
    "id": "543af701-0578-4bb0-9866-892ef07d2e27",
    "data": [
      {
        "text": "answer",
        "alias": "binary_answer",
        "meta": "@binary_answer",
        "userDefined": true
      }
    ],
    "isTemplate": false,
    "count": 0,
    "updated": 0
  }
]